{"pageElement":{"id":"4d36da65-8795-16dd-f446-f6cfacbb18fa","pageElements":[{"definition":{"fragment":{"key":"responsive-menu","siteKey":"Guest"},"fragmentConfig":{"menuItemSelectedBgColor":"var(--primary, #0B5FFF)","enableDebug":false,"menuStyle":"menu-top","menuHamburgerBgColor":"white","menuHamburgerBorderStyle":"solid","dropzoneConfig":"menu-both-zones","menuItemColor":"var(--light, white)","dropzoneGrower":"dropzone-menu","menuItemLogoMaxHeight":"1rem","menuItemSeparatorColor":"#bbb","menuBgColor":"transparent","dropzoneAlignItems":"center","menuHeader":true,"landscapePhoneMenuBgColor":"white","desktopMenuBgColor":"transparent","menuItemOverflow":"ellipsis","scrollBackToTopHoverBgColor":"var(--light, white)","menuItemSelectedColor":"var(--light, white)","menuHamburgerBorderWidth":"0px","dropzoneGap":"var(--spacer-2, .5rem)","desktopBreakpoint":"1305px","portraitPhoneBreakpoint":"360px","landscapePhoneBreakpoint":"576px","tabletBreakpoint":"768px","menuItemBgColor":"var(--black, #000)","menuItemLogoMaxWidth":"2rem","menuHamburgerColor":"black","scrollBackToTopHoverColor":"var(--primary, #0B5FFF)","tabletMenuBgColor":"transparent","separator":false,"menuHamburgerBorderRadius":"0px","enablePortraitPhoneBreakpoint":true,"scrollBackToTopIcon":"order-arrow-up","menuItemHoverColor":"var(--light, white)","scrollBackToTop":true,"menuHamburgerBorderColor":"black","portraitPhoneMenuBgColor":"white","scrollBackToTopColor":"var(--dark, #111)","enableTabletBreakpoint":false,"menuItemHoverBgColor":"var(--dark, #111)","debounceDelay":0,"enableLandscapePhoneBreakpoint":true,"scrollBackToTopBgColor":"var(--light, white)","overrideMenuColors":false},"fragmentFields":[],"indexed":true},"id":"7dc48cef-9ad2-c392-8a55-01edd4afe9d3","pageElements":[{"definition":{},"id":"248bd4b9-1308-0e08-daac-80a4d23154e0","pageElements":[{"definition":{"fragment":{"key":"logo-zone","siteKey":"Guest"},"fragmentConfig":{"flexGap":"var(--spacer-2, .5rem)","alwaysDisplayLogo":true,"alignItems":"stretch","flexWrap":"no-wrap","logoZoneHeader":true,"logoAdaption":"increase-hamburger","contentDisplay":"block","justifyContent":"start","allowMenuOverride":true},"fragmentFields":[],"indexed":true},"id":"a08da00b-f124-3aa3-6132-e26caec5ce9f","pageElements":[{"definition":{},"id":"b1aeef8b-f85b-a33d-3476-d2abec8dbc13","pageElements":[{"definition":{"fragment":{"key":"logo","siteKey":"Guest"},"fragmentConfig":{"logoAltText":"","logoTitle":"","overrideSiteConfig":false,"logoMaxWidth":"120px","linkUrl":"","siteName":"","enableLink":true,"logoMaxHeight":"60px","showSiteName":true},"fragmentFields":[],"indexed":true},"id":"48c36117-cfee-7faa-c9ed-878aabaccf84","type":"Fragment"}],"type":"FragmentDropZone"}],"type":"Fragment"}],"type":"FragmentDropZone"},{"definition":{},"id":"9ae77d5e-6a6d-56b1-8490-e9b9a91e49a9","pageElements":[{"definition":{"fragment":{"key":"com.liferay.fragment.renderer.menu.display.internal.MenuDisplayFragmentRenderer"},"fragmentConfig":{"displayStyle":"horizontal","selectedItemColor":"","sublevels":"-1","hoveredItemColor":"","source":""},"fragmentFields":[],"indexed":true},"id":"7863143a-ea2c-7c93-204e-983dbde70bed","type":"Fragment"}],"type":"FragmentDropZone"},{"definition":{},"id":"469600b4-65b9-ecd0-6414-6e13659d99d5","pageElements":[{"definition":{"fragment":{"key":"zone-layout","siteKey":"Guest"},"fragmentConfig":{"flexGap":"var(--spacer-2, .5rem)","zoneLayoutHeader":true,"alignItems":"stretch","flexWrap":"nowrap","contentDisplay":"flex-row","justifyContent":"start","allowMenuOverride":true},"fragmentFields":[],"indexed":true},"id":"4f8e280e-61ab-6285-abe3-e51692e768c3","pageElements":[{"definition":{},"id":"ce8a80ae-8374-2dbc-e552-d73bba5642bd","pageElements":[{"definition":{"widgetInstance":{"widgetConfig":{},"widgetName":"com_liferay_portal_search_web_search_bar_portlet_SearchBarPortlet"}},"id":"902671c9-c26b-8d80-e3b8-cd0bda08a402","type":"Widget"},{"definition":{"fragment":{"key":"login-and-user-menu","siteKey":"Guest"},"fragmentConfig":{"iconName":"user","iconSize":"1rem"},"fragmentFields":[],"indexed":true},"id":"46cd28e7-75fb-1e22-30a6-c3d6dbb3e134","type":"Fragment"},{"definition":{"widgetInstance":{"widgetConfig":{},"widgetName":"com_liferay_site_navigation_language_web_portlet_SiteNavigationLanguagePortlet"}},"id":"29a959fa-34d6-ff18-dee1-54e94cb4ebbd","type":"Widget"}],"type":"FragmentDropZone"}],"type":"Fragment"}],"type":"FragmentDropZone"}],"type":"Fragment"},{"definition":{"fragmentSettings":{"unallowedFragments":[]}},"id":"ad7ddf73-1ae8-e767-64f0-3f023c504cf2","type":"DropZone"}],"type":"Root"},"settings":{"colorSchemeName":"01","themeName":"Classic","themeSettings":{"lfr-theme:regular:show-header-search":"false","lfr-theme:regular:show-header":"false","lfr-theme:regular:show-footer":"false","lfr-theme:regular:wrap-widget-page-content":"false"}},"version":1.1}