{"pageElement": {"id": "4d36da65-8795-16dd-f446-f6cfacbb18fa", "pageElements": [{"definition": {"fragment": {"key": "responsive-menu", "siteKey": "Guest"}, "fragmentConfig": {"menuItemSelectedBgColor": "var(--primary, #0B5FFF)", "menuStyle": "menu-top", "menuHamburgerBgColor": "white", "menuHamburgerBorderStyle": "solid", "dropzoneConfig": "menu-two-zones", "menuItemColor": "var(--light, white)", "menuItemLogoMaxHeight": "1rem", "menuBgColor": "transparent", "menuItemSeparatorColor": "#bbb", "menuHeader": true, "scrollBackToTopHoverBgColor": "var(--light, white)", "menuItemSelectedColor": "var(--light, white)", "menuHamburgerBorderWidth": "0px", "desktopBreakpoint": "1305px", "portraitPhoneBreakpoint": "360px", "landscapePhoneBreakpoint": "576px", "menuItemBgColor": "var(--black, #000)", "tabletBreakpoint": "768px", "menuItemLogoMaxWidth": "2rem", "scrollBackToTopHoverColor": "var(--primary, #0B5FFF)", "menuHamburgerColor": "black", "separator": false, "menuHamburgerBorderRadius": "0px", "enablePortraitPhoneBreakpoint": true, "scrollBackToTopIcon": "order-arrow-up", "menuItemHoverColor": "var(--light, white)", "scrollBackToTop": true, "menuHamburgerBorderColor": "black", "scrollBackToTopColor": "var(--dark, #111)", "menuItemHoverBgColor": "var(--dark, #111)", "enableTabletBreakpoint": false, "enableLandscapePhoneBreakpoint": true, "scrollBackToTopBgColor": "var(--light, white)", "overrideMenuColors": false}, "fragmentFields": [], "indexed": true}, "id": "7dc48cef-9ad2-c392-8a55-01edd4afe9d3", "pageElements": [{"definition": {}, "id": "248bd4b9-1308-0e08-daac-80a4d23154e0", "pageElements": [{"definition": {"fragment": {"key": "com.liferay.fragment.renderer.menu.display.internal.MenuDisplayFragmentRenderer"}, "fragmentConfig": {"displayStyle": "horizontal", "selectedItemColor": "", "sublevels": "-1", "hoveredItemColor": "", "source": ""}, "fragmentFields": [], "indexed": true}, "id": "7863143a-ea2c-7c93-204e-983dbde70bed", "type": "Fragment"}], "type": "FragmentDropZone"}, {"definition": {}, "id": "9ae77d5e-6a6d-56b1-8490-e9b9a91e49a9", "pageElements": [{"definition": {"widgetInstance": {"widgetConfig": {}, "widgetName": "com_liferay_portal_search_web_search_bar_portlet_SearchBarPortlet"}}, "id": "16f5912e-8ad5-10f6-9652-816bd50588f8", "type": "Widget"}], "type": "FragmentDropZone"}, {"definition": {}, "id": "8b67ec45-f5f5-aaf7-ed98-a59bd868b6f9", "pageElements": [{"definition": {"fragment": {"key": "login-and-user-menu", "siteKey": "Guest"}, "fragmentConfig": {"iconName": "user", "iconSize": "1rem"}, "fragmentFields": [], "indexed": true}, "id": "7ccfd4a8-e53e-3685-8851-c15da544818f", "type": "Fragment"}], "type": "FragmentDropZone"}], "type": "Fragment"}, {"definition": {"fragmentSettings": {"unallowedFragments":[]}}, "id": "ad7ddf73-1ae8-e767-64f0-3f023c504cf2", "type": "DropZone"}], "type": "Root"}, "settings": {"colorSchemeName": "01", "themeName": "Classic", "themeSettings": {"lfr-theme:regular:show-header-search":"false","lfr-theme:regular:show-header":"false","lfr-theme:regular:show-footer":"false","lfr-theme:regular:wrap-widget-page-content":"false"}}, "version": 1.1}