{"pageElement":{"id":"88d3c222-b9fb-a135-43e7-c3663938ba03","pageElements":[{"definition":{"indexed":true,"layout":{"contentDisplay":"FlexRow"},"name":"Wrapper"},"id":"b65d6c70-23cd-e42e-b4a8-267e3a08a87b","pageElements":[{"definition":{"fragment":{"key":"responsive-side-menu","siteKey":"10189949220231"},"fragmentConfig":{"menuItemSelectedBgColor":"var(--primary, #0B5FFF)","enableDebug":true,"menuStyle":"menu-left sticky","menuHamburgerBgColor":"white","menuHamburgerBorderStyle":"solid","dropzoneConfig":"menu-both-zones","menuItemColor":"var(--light, white)","dropzoneGrower":"dropzone-menu","menuItemLogoMaxHeight":"1rem","menuItemSeparatorColor":"#bbb","menuBgColor":"whiteColor","landscapePhoneMenuBgColor":"white","desktopMenuBgColor":"transparent","menuItemSelectedColor":"var(--light, white)","menuHamburgerBorderWidth":"0px","dropzoneGap":"var(--spacer-2, .5rem)","desktopBreakpoint":"1305px","portraitPhoneBreakpoint":"360px","landscapePhoneBreakpoint":"576px","tabletBreakpoint":"768px","menuItemBgColor":"var(--black, #000)","menuItemLogoMaxWidth":"2rem","menuHamburgerColor":"black","tabletMenuBgColor":"white","separator":false,"menuHamburgerBorderRadius":"0px","limitMenuWidth":false,"enablePortraitPhoneBreakpoint":true,"initializeDelay":100,"menuItemHoverColor":"var(--light, white)","menuHamburgerBorderColor":"black","portraitPhoneMenuBgColor":"white","enableTabletBreakpoint":true,"menuItemHoverBgColor":"var(--dark, #111)","debounceDelay":100,"enableLandscapePhoneBreakpoint":true,"overrideMenuColors":false},"fragmentFields":[],"fragmentStyle":{"backgroundColor":""},"indexed":true},"id":"f3cc5a28-6293-b3a5-d79a-736166bf19ad","pageElements":[{"definition":{},"id":"4fdc802a-8b5f-978e-f336-20e20c6e00b8","pageElements":[{"definition":{"fragment":{"key":"zone-layout","siteKey":"10189949220231"},"fragmentConfig":{"flexGap":"var(--spacer-2, .5rem)","zoneLayoutHeader":true,"alignItems":"center","flexWrap":"nowrap","contentDisplay":"flex-column","justifyContent":"start","allowMenuOverride":true},"fragmentFields":[],"indexed":true},"id":"883bbe1e-af7f-4545-fda1-140c8520e7ce","pageElements":[{"definition":{},"id":"4fb3f2f0-e157-3d51-1099-0008cdacea01","pageElements":[{"definition":{"fragment":{"key":"logo-zone","siteKey":"10189949220231"},"fragmentConfig":{"flexGap":"var(--spacer-2, .5rem)","alwaysDisplayLogo":true,"alignItems":"center","flexWrap":"nowrap","logoZoneHeader":true,"logoAdaption":"increase-hamburger","contentDisplay":"flex-column","justifyContent":"start","allowMenuOverride":true},"fragmentFields":[],"indexed":true},"id":"c184cfa0-7c6b-33a9-ecc1-6c06ec661dba","pageElements":[{"definition":{},"id":"b4fb70f5-138a-2c32-47d2-2e8d6790f55e","pageElements":[{"definition":{"fragment":{"key":"logo","siteKey":"10189949220231"},"fragmentConfig":{"logoAltText":"Liferay DXP","logoTitle":"Liferay DXP","overrideSiteConfig":true,"logoMaxWidth":"120px","linkUrl":{"layout":{"groupId":"20118","layoutUuid":"f2be3209-717f-8f9f-edf9-b3dfc7c30681","privateLayout":false,"title":"Home Top","layoutId":"29"}},"siteName":"Liferay DXP","enableLink":true,"logoMaxHeight":"60px","imageDisplay":"block","showSiteName":true},"fragmentFields":[],"indexed":true},"id":"84ec8696-4094-0088-369f-0b2df9b18e24","pageElements":[{"definition":{},"id":"6e90354c-8bad-6832-fa72-d4b59d2d72f7","pageElements":[{"definition":{"fragment":{"key":"BASIC_COMPONENT-image"},"fragmentConfig":{"imageSize":"w-0"},"fragmentFields":[{"id":"image-square","value":{"fragmentImage":{"description":{"value_i18n":{"en_US":""}},"url":{"value_i18n":{"en_US":"/documents/d/guest/satellite-png?imagePreview=1"}}},"fragmentLink":{}}}],"indexed":true},"id":"144f566b-0e76-b36f-9128-d0589d703e8b","type":"Fragment"}],"type":"FragmentDropZone"}],"type":"Fragment"}],"type":"FragmentDropZone"}],"type":"Fragment"},{"definition":{"widgetInstance":{"widgetConfig":{},"widgetName":"com_liferay_portal_search_web_search_bar_portlet_SearchBarPortlet"}},"id":"6582d54f-8d4a-f5e8-4489-d1ffb95486b6","type":"Widget"}],"type":"FragmentDropZone"}],"type":"Fragment"}],"type":"FragmentDropZone"},{"definition":{},"id":"cc1b43b0-8f17-e7dd-292a-96eb0eab6893","pageElements":[{"definition":{"fragment":{"key":"com.liferay.fragment.renderer.menu.display.internal.MenuDisplayFragmentRenderer"},"fragmentConfig":{"displayStyle":"horizontal","selectedItemColor":"","sublevels":"-1","hoveredItemColor":"","source":""},"fragmentFields":[],"indexed":true},"id":"ad43ba99-3ecb-d21d-6093-b08d52b42203","type":"Fragment"}],"type":"FragmentDropZone"},{"definition":{},"id":"caeaaf29-7933-cd24-6911-8f0056dc6ed9","pageElements":[{"definition":{"widgetInstance":{"widgetConfig":{},"widgetName":"com_liferay_site_navigation_language_web_portlet_SiteNavigationLanguagePortlet"}},"id":"46aaeb2e-0ae1-77de-91c4-c8bf6192bc86","type":"Widget"},{"definition":{"fragment":{"key":"login-and-user-menu","siteKey":"10189949220231"},"fragmentConfig":{"iconName":"user","iconSize":"1rem"},"fragmentFields":[],"indexed":true},"id":"62044be9-13c0-4fa1-82ea-de91cac38061","type":"Fragment"}],"type":"FragmentDropZone"}],"type":"Fragment"},{"definition":{"customCSS":".[$FRAGMENT_CLASS$] {\nflex-grow: 1;\n}","indexed":true,"layout":{"contentDisplay":"FlexColumn"},"name":"Main"},"id":"adbc3048-3b49-8991-fdce-ef14a41df2d7","pageElements":[{"definition":{"fragmentSettings":{"unallowedFragments":[]}},"id":"38e30143-f4d3-7eb7-8120-62f6fe9c8c31","type":"DropZone"}],"type":"Section"}],"type":"Section"}],"type":"Root"},"settings":{"colorSchemeName":"01","themeName":"Classic","themeSettings":{"lfr-theme:regular:show-header-search":"false","lfr-theme:regular:show-header":"false","lfr-theme:regular:show-footer":"false","lfr-theme:regular:wrap-widget-page-content":"false"}},"version":1.1}