{"pageElement":{"id":"4d36da65-8795-16dd-f446-f6cfacbb18fa","pageElements":[{"definition":{"fragmentStyle":{"overflow":"visible"},"indexed":true,"layout":{"widthType":"Fixed"}},"id":"0e268b1c-17fb-261e-b6bc-f3aff32fe967","pageElements":[{"definition":{"fragmentStyle":{"overflow":"visible"},"gutters":true,"indexed":true,"modulesPerRow":3,"numberOfColumns":3,"reverseOrder":false,"rowViewports":[{"id":"landscapeMobile","rowViewportDefinition":{"modulesPerRow":1}},{"id":"portraitMobile","rowViewportDefinition":{}},{"id":"tablet","rowViewportDefinition":{}}],"verticalAlignment":"top"},"id":"148d1938-4355-06ff-29a4-b74aae0c4ebe","pageElements":[{"definition":{"columnViewports":[{"columnViewportDefinition":{"size":12},"id":"landscapeMobile"},{"columnViewportDefinition":{},"id":"portraitMobile"},{"columnViewportDefinition":{},"id":"tablet"}],"size":7},"id":"dd29e03f-dbf9-5287-a86d-5ceec7f94f48","pageElements":[{"definition":{"fragment":{"key":"responsive-menu","siteKey":"Guest"},"fragmentConfig":{"menuItemSelectedBgColor":"var(--primary, #0B5FFF)","enableDebug":false,"menuStyle":"menu-inline","menuHamburgerBgColor":"white","menuHamburgerBorderStyle":"solid","dropzoneConfig":"menu-only","menuItemColor":"var(--light, white)","dropzoneGrower":"dropzone-menu","menuItemLogoMaxHeight":"1rem","menuItemSeparatorColor":"#bbb","dropzoneAlignItems":"flex-start","menuHeader":true,"landscapePhoneMenuBgColor":"white","desktopMenuBgColor":"transparent","menuItemOverflow":"ellipsis","scrollBackToTopHoverBgColor":"var(--light, white)","menuItemSelectedColor":"var(--light, white)","menuHamburgerBorderWidth":"0px","dropzoneGap":"var(--spacer-2, .5rem)","desktopBreakpoint":"1305px","portraitPhoneBreakpoint":"360px","landscapePhoneBreakpoint":"576px","tabletBreakpoint":"768px","menuItemBgColor":"var(--black, #000)","menuItemLogoMaxWidth":"2rem","menuHamburgerColor":"black","scrollBackToTopHoverColor":"var(--primary, #0B5FFF)","tabletMenuBgColor":"transparent","separator":false,"menuHamburgerBorderRadius":"0px","enablePortraitPhoneBreakpoint":true,"scrollBackToTopIcon":"order-arrow-up","menuItemHoverColor":"var(--light, white)","scrollBackToTop":true,"menuHamburgerBorderColor":"black","portraitPhoneMenuBgColor":"white","scrollBackToTopColor":"var(--dark, #111)","enableTabletBreakpoint":false,"menuItemHoverBgColor":"var(--dark, #111)","debounceDelay":0,"enableLandscapePhoneBreakpoint":true,"scrollBackToTopBgColor":"var(--light, white)","overrideMenuColors":false},"fragmentFields":[],"indexed":true},"id":"c9b8359d-99c5-4bf0-aa99-80cda1950f93","pageElements":[{"definition":{},"id":"5dc3fb72-6200-ebc2-d2c9-c28c6fdc2c7a","pageElements":[{"definition":{"fragment":{"key":"com.liferay.fragment.renderer.menu.display.internal.MenuDisplayFragmentRenderer"},"fragmentConfig":{"displayStyle":"horizontal","selectedItemColor":"","sublevels":"-1","hoveredItemColor":"","source":""},"fragmentFields":[],"indexed":true},"id":"d20e42af-6a80-4f86-ba53-d9cc55b32a66","type":"Fragment"}],"type":"FragmentDropZone"}],"type":"Fragment"}],"type":"Column"},{"definition":{"columnViewports":[{"columnViewportDefinition":{"size":12},"id":"landscapeMobile"},{"columnViewportDefinition":{},"id":"portraitMobile"},{"columnViewportDefinition":{},"id":"tablet"}],"size":3},"id":"be185da5-e7ae-8aac-5f17-4292dac1c96e","pageElements":[{"definition":{"widgetInstance":{"widgetConfig":{},"widgetName":"com_liferay_portal_search_web_search_bar_portlet_SearchBarPortlet"}},"id":"356143b0-5514-0357-9ff6-9131bed6418f","type":"Widget"}],"type":"Column"},{"definition":{"columnViewports":[{"columnViewportDefinition":{"size":12},"id":"landscapeMobile"},{"columnViewportDefinition":{},"id":"portraitMobile"},{"columnViewportDefinition":{},"id":"tablet"}],"size":2},"id":"223bf501-81c7-a33d-e138-d97c6722e9a1","pageElements":[{"definition":{"indexed":true,"layout":{"contentDisplay":"FlexRow","justify":"End"}},"id":"0dd0fca5-a8a9-7346-b998-4a27c407aecc","pageElements":[{"definition":{"fragment":{"key":"login-and-user-menu","siteKey":"Guest"},"fragmentConfig":{"iconName":"user","iconSize":"1rem"},"fragmentFields":[],"indexed":true},"id":"1f1600f9-a911-f1e3-33d1-228a3d3dce3e","type":"Fragment"}],"type":"Section"}],"type":"Column"}],"type":"Row"}],"type":"Section"},{"definition":{"fragmentSettings":{"unallowedFragments":[]}},"id":"ad7ddf73-1ae8-e767-64f0-3f023c504cf2","type":"DropZone"}],"type":"Root"},"settings":{"colorSchemeName":"01","themeName":"Classic","themeSettings":{"lfr-theme:regular:show-header-search":"false","lfr-theme:regular:show-header":"false","lfr-theme:regular:show-footer":"false","lfr-theme:regular:wrap-widget-page-content":"false"}},"version":1.1}s