{"pageElement":{"id":"4d36da65-8795-16dd-f446-f6cfacbb18fa","pageElements":[{"definition":{"indexed":true,"layout":{},"name":"Page Header"},"id":"fb94f712-16d6-a08d-a3a0-da9c613b9497","pageElements":[{"definition":{"fragmentStyle":{"width":"100%"},"indexed":true,"layout":{"contentDisplay":"FlexRow","justify":"SpaceBetween","widthType":"Fixed"},"name":"Header Navigation Bar"},"id":"3ba0b4be-e602-2ffd-8707-9f1c4feba892","pageElements":[{"definition":{"fragment":{"key":"logo","siteKey":"Guest"},"fragmentConfig":{"logoAltText":"","logoTitle":"","overrideSiteConfig":false,"logoMaxWidth":"120px","linkUrl":"","siteName":"","enableLink":true,"logoMaxHeight":"60px","showSiteName":false},"fragmentFields":[],"indexed":true},"id":"cc4dc7a5-95e3-0e45-06dd-84be612aeb34","type":"Fragment"},{"definition":{"customCSS":".[$FRAGMENT_CLASS$] {\ngap: 0.5rem;\n}","indexed":true,"layout":{"align":"Start","contentDisplay":"FlexRow"},"name":"Header Navigation"},"id":"9dddb909-a573-b834-65d0-1c6579a6a2cb","pageElements":[{"definition":{"fragment":{"key":"responsive-menu","siteKey":"Guest"},"fragmentConfig":{"menuItemSelectedBgColor":"var(--primary, #0B5FFF)","enableDebug":false,"menuStyle":"menu-inline","menuHamburgerBgColor":"white","menuHamburgerBorderStyle":"solid","dropzoneConfig":"menu-only","menuItemColor":"var(--light, white)","dropzoneGrower":"menu-zone","menuItemLogoMaxHeight":"1rem","menuItemSeparatorColor":"#bbb","dropzoneAlignItems":"flex-start","menuHeader":true,"landscapePhoneMenuBgColor":"white","desktopMenuBgColor":"transparent","menuItemOverflow":"ellipsis","scrollBackToTopHoverBgColor":"var(--light, white)","menuItemSelectedColor":"var(--light, white)","menuHamburgerBorderWidth":"0px","dropzoneGap":"var(--spacer-2, .5rem)","desktopBreakpoint":"1305px","portraitPhoneBreakpoint":"360px","landscapePhoneBreakpoint":"576px","tabletBreakpoint":"768px","menuItemBgColor":"var(--black, #000)","menuItemLogoMaxWidth":"2rem","menuHamburgerColor":"black","scrollBackToTopHoverColor":"var(--primary, #0B5FFF)","tabletMenuBgColor":"transparent","separator":false,"menuHamburgerBorderRadius":"0px","enablePortraitPhoneBreakpoint":true,"scrollBackToTopIcon":"order-arrow-up","menuItemHoverColor":"var(--light, white)","scrollBackToTop":true,"menuHamburgerBorderColor":"black","portraitPhoneMenuBgColor":"white","scrollBackToTopColor":"var(--dark, #111)","enableTabletBreakpoint":false,"menuItemHoverBgColor":"var(--dark, #111)","debounceDelay":100,"enableLandscapePhoneBreakpoint":true,"scrollBackToTopBgColor":"var(--light, white)","overrideMenuColors":false},"fragmentFields":[],"indexed":true},"id":"83237d4b-0bd1-ff53-ea50-fa345a3a70d2","pageElements":[{"definition":{},"id":"bff2e9a7-a7ae-2b5c-34df-e096f6ffe6e1","pageElements":[{"definition":{"fragment":{"key":"com.liferay.fragment.renderer.menu.display.internal.MenuDisplayFragmentRenderer"},"fragmentConfig":{"displayStyle":"horizontal","selectedItemColor":"","sublevels":"-1","hoveredItemColor":"","source":"{\"siteNavigationMenuId\":\"0\",\"parentSiteNavigationMenuItemId\":\"0\",\"privateLayout\":\"false\",\"title\":\"Pages Hierarchy\",\"type\":\"class com.liferay.site.navigation.item.selector.SiteNavigationMenuItemSelectorReturnType\"}"},"fragmentFields":[],"indexed":true},"id":"70173cdf-f740-1a35-8397-04cbc3219d36","type":"Fragment"}],"type":"FragmentDropZone"}],"type":"Fragment"},{"definition":{"customCSS":".[$FRAGMENT_CLASS$] {\ngap: 0.5rem;\n}","fragmentStyle":{"paddingTop":"3"},"indexed":true,"layout":{"align":"Start","contentDisplay":"FlexRow","paddingTop":1},"name":"Right Section"},"id":"6053b876-dd0e-221c-69fb-182dbe9cb506","pageElements":[{"definition":{"widgetInstance":{"widgetConfig":{},"widgetName":"com_liferay_portal_search_web_search_bar_portlet_SearchBarPortlet"}},"id":"356143b0-5514-0357-9ff6-9131bed6418f","type":"Widget"},{"definition":{"fragment":{"key":"login-and-user-menu","siteKey":"Guest"},"fragmentConfig":{"iconName":"user","iconSize":"1rem"},"fragmentFields":[],"indexed":true},"id":"1f1600f9-a911-f1e3-33d1-228a3d3dce3e","type":"Fragment"}],"type":"Section"}],"type":"Section"}],"type":"Section"}],"type":"Section"},{"definition":{"indexed":true,"layout":{},"name":"Page Body"},"id":"8747417b-8782-2d0c-f02c-38c2c98b7dc9","pageElements":[{"definition":{"fragmentSettings":{"unallowedFragments":[]}},"id":"ad7ddf73-1ae8-e767-64f0-3f023c504cf2","type":"DropZone"}],"type":"Section"},{"definition":{"indexed":true,"layout":{},"name":"Page Footer"},"id":"3ffb3525-4ed8-2049-3050-76e3148420a4","type":"Section"}],"type":"Root"},"settings":{"colorSchemeName":"01","themeName":"Classic","themeSettings":{"lfr-theme:regular:show-header-search":"false","lfr-theme:regular:show-header":"false","lfr-theme:regular:show-footer":"false","lfr-theme:regular:wrap-widget-page-content":"false"}},"version":1.1}