{"pageElement": {"id": "88d3c222-b9fb-a135-43e7-c3663938ba03", "pageElements": [{"definition": {"indexed": true, "layout": {"contentDisplay": "FlexRow"}, "name": "Wrapper"}, "id": "b65d6c70-23cd-e42e-b4a8-267e3a08a87b", "pageElements": [{"definition": {"fragment": {"key": "responsive-side-menu", "siteKey": "Guest"}, "fragmentConfig": {"menuItemSelectedBgColor": "var(--primary, #0B5FFF)", "menuStyle": "menu-left sticky", "menuHamburgerBgColor": "white", "menuHamburgerBorderStyle": "solid", "dropzoneConfig": "menu-both-zones", "menuItemColor": "var(--light, white)", "dropzoneGrower": "dropzone-menu", "menuItemLogoMaxHeight": "1rem", "menuBgColor": "whiteColor", "menuItemSeparatorColor": "#bbb", "menuItemSelectedColor": "var(--light, white)", "menuHamburgerBorderWidth": "0px", "desktopBreakpoint": "1305px", "dropzoneGap": "var(--spacer-2, .5rem)", "portraitPhoneBreakpoint": "360px", "landscapePhoneBreakpoint": "576px", "menuItemBgColor": "var(--black, #000)", "tabletBreakpoint": "768px", "menuItemLogoMaxWidth": "2rem", "menuHamburgerColor": "black", "separator": false, "menuHamburgerBorderRadius": "0px", "enablePortraitPhoneBreakpoint": true, "menuItemHoverColor": "var(--light, white)", "menuHamburgerBorderColor": "black", "menuItemHoverBgColor": "var(--dark, #111)", "enableTabletBreakpoint": true, "debounceDelay": 100, "enableLandscapePhoneBreakpoint": true, "overrideMenuColors": false}, "fragmentFields": [], "fragmentStyle": {"backgroundColor": ""}, "indexed": true}, "id": "f3cc5a28-6293-b3a5-d79a-736166bf19ad", "pageElements": [{"definition": {}, "id": "4fdc802a-8b5f-978e-f336-20e20c6e00b8", "pageElements": [{"definition": {"widgetInstance": {"widgetConfig": {}, "widgetName": "com_liferay_portal_search_web_search_bar_portlet_SearchBarPortlet"}}, "id": "6582d54f-8d4a-f5e8-4489-d1ffb95486b6", "type": "Widget"}], "type": "FragmentDropZone"}, {"definition": {}, "id": "cc1b43b0-8f17-e7dd-292a-96eb0eab6893", "pageElements": [{"definition": {"fragment": {"key": "com.liferay.fragment.renderer.menu.display.internal.MenuDisplayFragmentRenderer"}, "fragmentConfig": {"displayStyle": "horizontal", "selectedItemColor": "", "sublevels": "-1", "hoveredItemColor": "", "source": ""}, "fragmentFields": [], "indexed": true}, "id": "ad43ba99-3ecb-d21d-6093-b08d52b42203", "type": "Fragment"}], "type": "FragmentDropZone"}, {"definition": {}, "id": "caeaaf29-7933-cd24-6911-8f0056dc6ed9", "pageElements": [{"definition": {"fragment": {"key": "login-and-user-menu", "siteKey": "Guest"}, "fragmentConfig": {"iconName": "user", "iconSize": "1rem"}, "fragmentFields": [], "indexed": true}, "id": "62044be9-13c0-4fa1-82ea-de91cac38061", "type": "Fragment"}], "type": "FragmentDropZone"}], "type": "Fragment"}, {"definition": {"customCSS": ".[$FRAGMENT_CLASS$] {\nflex-grow: 1;\n}", "indexed": true, "layout": {"contentDisplay": "FlexColumn"}, "name": "Main"}, "id": "adbc3048-3b49-8991-fdce-ef14a41df2d7", "pageElements": [{"definition": {"fragmentSettings": {"unallowedFragments":[]}}, "id": "38e30143-f4d3-7eb7-8120-62f6fe9c8c31", "type": "DropZone"}], "type": "Section"}], "type": "Section"}], "type": "Root"}, "settings": {"colorSchemeName": "01", "themeName": "Classic", "themeSettings": {"lfr-theme:regular:show-header-search":"false","lfr-theme:regular:show-header":"false","lfr-theme:regular:show-footer":"false","lfr-theme:regular:wrap-widget-page-content":"false"}}, "version": 1.1}