{"pageElement": {"id": "c9170d1d-b596-3249-26ec-075e95a29c74", "pageElements": [{"definition": {"indexed": true, "layout": {"align": "Start", "contentDisplay": "FlexRow"}, "name": "Wrapper"}, "id": "9afee0f3-d1a2-5a87-93c0-a040bd9d31f0", "pageElements": [{"definition": {"customCSS": ".[$FRAGMENT_CLASS$] {\nflex-grow: 1;\n}", "indexed": true, "layout": {}, "name": "Main"}, "id": "2556a788-44fe-c78d-a32a-9b3aeba2ae48", "pageElements": [{"definition": {"fragmentSettings": {"unallowedFragments":[]}}, "id": "51c4e362-6bd9-9edf-f0b7-09260529aa48", "type": "DropZone"}], "type": "Section"}, {"definition": {"fragment": {"key": "responsive-side-menu", "siteKey": "Guest"}, "fragmentConfig": {"menuItemSelectedBgColor": "var(--primary, #0B5FFF)", "menuStyle": "menu-right sticky", "menuHamburgerBgColor": "white", "menuHamburgerBorderStyle": "solid", "dropzoneConfig": "menu-both-zones", "menuItemColor": "var(--light, white)", "dropzoneGrower": "dropzone-menu", "menuItemLogoMaxHeight": "1rem", "menuBgColor": "whiteColor", "menuItemSeparatorColor": "#bbb", "fragmentName": "Responsive Side Menu", "menuHeader": true, "menuItemSelectedColor": "var(--light, white)", "menuHamburgerBorderWidth": "0px", "desktopBreakpoint": "1305px", "portraitPhoneBreakpoint": "360px", "landscapePhoneBreakpoint": "576px", "menuItemBgColor": "var(--black, #000)", "tabletBreakpoint": "768px", "menuItemLogoMaxWidth": "2rem", "menuHamburgerColor": "black", "separator": false, "menuHamburgerBorderRadius": "0px", "enablePortraitPhoneBreakpoint": true, "menuItemHoverColor": "var(--light, white)", "menuHamburgerBorderColor": "black", "menuItemHoverBgColor": "var(--dark, #111)", "enableTabletBreakpoint": true, "debounceDelay": 100, "enableLandscapePhoneBreakpoint": true, "overrideMenuColors": false}, "fragmentFields": [], "fragmentStyle": {"backgroundColor": ""}, "indexed": true}, "id": "b8ea21ed-7cf4-c4f9-fbcc-35ca4aff34ba", "pageElements": [{"definition": {}, "id": "dcb36a16-638c-1911-4fd2-8a73bcea0da1", "pageElements": [{"definition": {"fragment": {"key": "zone-layout", "siteKey": "Guest"}, "fragmentConfig": {"flexGap": "var(--spacer-2, .5rem)", "zoneLayoutHeader": true, "alignItems": "end", "flexWrap": "no-wrap", "contentDisplay": "flex-column", "justifyContent": "start", "allowMenuOverride": true}, "fragmentFields": [], "indexed": true}, "id": "7e439c4e-0bba-5ede-e94e-9dd46f4a2921", "pageElements": [{"definition": {}, "id": "f653855b-bda1-0470-1929-1ac8df3daa91", "pageElements": [{"definition": {"fragment": {"key": "logo-zone", "siteKey": "Guest"}, "fragmentConfig": {"flexGap": "var(--spacer-2, .5rem)", "alwaysDisplayLogo": true, "alignItems": "stretch", "flexWrap": "no-wrap", "logoAdaption": "reduce-logo", "contentDisplay": "block", "justifyContent": "start", "allowMenuOverride": true}, "fragmentFields": [], "indexed": true}, "id": "1cb5186d-cd54-2e95-6bc1-34bd54d45d4b", "pageElements": [{"definition": {}, "id": "c5a068a1-59d1-0a3f-bba5-7c97deba5890", "pageElements": [{"definition": {"fragment": {"key": "logo", "siteKey": "Guest"}, "fragmentConfig": {"logoAltText": "", "logoTitle": "", "overrideSiteConfig": false, "logoMaxWidth": "120px", "linkUrl": "", "siteName": "", "enableLink": true, "logoMaxHeight": "60px", "showSiteName": true}, "fragmentFields": [], "indexed": true}, "id": "d000df2e-69b3-b33c-c8a4-441514ff65ba", "type": "Fragment"}], "type": "FragmentDropZone"}], "type": "Fragment"}, {"definition": {"widgetInstance": {"widgetConfig": {}, "widgetName": "com_liferay_portal_search_web_search_bar_portlet_SearchBarPortlet"}}, "id": "18b0adca-ffb0-d165-9790-81eacef486b9", "type": "Widget"}], "type": "FragmentDropZone"}], "type": "Fragment"}], "type": "FragmentDropZone"}, {"definition": {}, "id": "9d1d19f9-4902-c282-bfa5-a82e8f6b0635", "pageElements": [{"definition": {"fragment": {"key": "com.liferay.fragment.renderer.menu.display.internal.MenuDisplayFragmentRenderer"}, "fragmentConfig": {"displayStyle": "horizontal", "selectedItemColor": "", "sublevels": "-1", "hoveredItemColor": "", "source": ""}, "fragmentFields": [], "indexed": true}, "id": "30f23f16-5341-5d51-aac8-1fb7ca7bdccd", "type": "Fragment"}], "type": "FragmentDropZone"}, {"definition": {}, "id": "ff9d27d1-8593-0262-42af-ecdb1c9ced0e", "pageElements": [{"definition": {"fragment": {"key": "login-and-user-menu", "siteKey": "Guest"}, "fragmentConfig": {"iconName": "user", "iconSize": "1rem"}, "fragmentFields": [], "fragmentStyle": {"textAlign": "right"}, "indexed": true}, "id": "8d5fcfe2-9492-1831-e4de-a25cd5412435", "type": "Fragment"}], "type": "FragmentDropZone"}], "type": "Fragment"}], "type": "Section"}], "type": "Root"}, "settings": {"colorSchemeName": "01", "themeName": "Classic", "themeSettings": {"lfr-theme:regular:show-header-search":"false","lfr-theme:regular:show-header":"false","lfr-theme:regular:show-footer":"false","lfr-theme:regular:wrap-widget-page-content":"false"}}, "version": 1.1}