{"pageElement": {"id": "4d36da65-8795-16dd-f446-f6cfacbb18fa", "pageElements": [{"definition": {"fragment": {"key": "responsive-menu", "siteKey": "Guest"}, "fragmentConfig": {"menuItemSelectedBgColor": "var(--primary, #0B5FFF)", "menuStyle": "menu-top sticky", "menuHamburgerBgColor": "white", "menuHamburgerBorderStyle": "solid", "dropzoneConfig": "menu-two-zones", "menuItemColor": "var(--light, white)", "menuItemLogoMaxHeight": "1rem", "menuBgColor": "var(--white)", "menuItemSeparatorColor": "#bbb", "menuHeader": true, "scrollBackToTopHoverBgColor": "var(--light, white)", "menuItemSelectedColor": "var(--light, white)", "menuHamburgerBorderWidth": "0px", "desktopBreakpoint": "1305px", "portraitPhoneBreakpoint": "360px", "landscapePhoneBreakpoint": "576px", "menuItemBgColor": "var(--black, #000)", "tabletBreakpoint": "768px", "menuItemLogoMaxWidth": "2rem", "scrollBackToTopHoverColor": "var(--primary, #0B5FFF)", "menuHamburgerColor": "black", "separator": false, "menuHamburgerBorderRadius": "0px", "enablePortraitPhoneBreakpoint": true, "scrollBackToTopIcon": "order-arrow-up", "menuItemHoverColor": "var(--light, white)", "scrollBackToTop": true, "menuHamburgerBorderColor": "black", "scrollBackToTopColor": "var(--dark, #111)", "menuItemHoverBgColor": "var(--dark, #111)", "enableTabletBreakpoint": true, "enableLandscapePhoneBreakpoint": true, "scrollBackToTopBgColor": "var(--light, white)", "overrideMenuColors": false}, "fragmentFields": [], "indexed": true}, "id": "5432ea32-76b2-52da-2905-e7b5df1bbc0a", "pageElements": [{"definition": {}, "id": "8ffeb738-2832-fcc2-5d5e-a47119f6baeb", "pageElements": [{"definition": {"fragment": {"key": "com.liferay.fragment.renderer.menu.display.internal.MenuDisplayFragmentRenderer"}, "fragmentConfig": {"displayStyle": "horizontal", "selectedItemColor": "", "sublevels": "-1", "hoveredItemColor": "", "source": ""}, "fragmentFields": [], "indexed": true}, "id": "72806294-6d2e-5ebd-66bd-6c1080105497", "type": "Fragment"}], "type": "FragmentDropZone"}, {"definition": {}, "id": "c9296d36-5079-8938-f6bc-ccc42dd78d91", "pageElements": [{"definition": {"widgetInstance": {"widgetConfig": {}, "widgetName": "com_liferay_portal_search_web_search_bar_portlet_SearchBarPortlet"}}, "id": "f438e371-cd7a-49d3-196b-037f9d0f16ba", "type": "Widget"}], "type": "FragmentDropZone"}, {"definition": {}, "id": "a73023bb-466b-af59-8a09-6d272d5d20d6", "pageElements": [{"definition": {"fragment": {"key": "login-and-user-menu", "siteKey": "Guest"}, "fragmentConfig": {"iconName": "user", "iconSize": "1rem"}, "fragmentFields": [], "indexed": true}, "id": "6596d8a1-90b2-43f0-af16-9b30d5c9b697", "type": "Fragment"}], "type": "FragmentDropZone"}], "type": "Fragment"}, {"definition": {"fragmentSettings": {"unallowedFragments":[]}}, "id": "ad7ddf73-1ae8-e767-64f0-3f023c504cf2", "type": "DropZone"}], "type": "Root"}, "settings": {"colorSchemeName": "01", "themeName": "Classic", "themeSettings": {"lfr-theme:regular:show-header-search":"false","lfr-theme:regular:show-header":"false","lfr-theme:regular:show-footer":"false","lfr-theme:regular:wrap-widget-page-content":"false"}}, "version": 1.1}